{
    "run_name": "alpha_0p45_gamma_1p0_seed_42",
    "seed": 42,
    "focal_alpha": 0.45,
    "focal_gamma": 1.0,
    "best_epoch": 20,
    "best_val_f1_during_training": 0.9934576996538997,
    "val_metrics": {
        "macro_f1": 0.9934576996538997,
        "balanced_accuracy": 0.9913173284527503,
        "type1_recall": 0.9837997054491899,
        "type2_recall": 0.9988349514563106,
        "confusion_matrix": [
            [
                668,
                11
            ],
            [
                3,
                2572
            ]
        ]
    },
    "test_metrics": {
        "macro_f1": 0.9962656249282733,
        "balanced_accuracy": 0.9946511860674607,
        "type1_recall": 0.9896907216494846,
        "type2_recall": 0.9996116504854369,
        "confusion_matrix": [
            [
                672,
                7
            ],
            [
                1,
                2574
            ]
        ]
    },
    "model_path": "/Users/amir/Documents/Deep learning/cl-agn classifier/models/backbone_sweep/alpha_0p45_gamma_1p0_seed_42/best_spectranet.pth"
}