{
    "run_name": "alpha_0p45_gamma_1p0_seed_42",
    "seed": 42,
    "focal_alpha": 0.45,
    "focal_gamma": 1.0,
    "best_epoch": 9,
    "best_val_f1_during_training": 0.9838234063911662,
    "val_metrics": {
        "macro_f1": 0.9833559755428211,
        "balanced_accuracy": 0.9793170343069784,
        "type1_recall": 0.9626972740315638,
        "type2_recall": 0.9959367945823928,
        "confusion_matrix": [
            [
                671,
                26
            ],
            [
                9,
                2206
            ]
        ]
    },
    "test_metrics": {
        "macro_f1": 0.9588167654737556,
        "balanced_accuracy": 0.9412998764609624,
        "type1_recall": 0.8839541547277937,
        "type2_recall": 0.9986455981941309,
        "confusion_matrix": [
            [
                617,
                81
            ],
            [
                3,
                2212
            ]
        ]
    },
    "model_path": "/Users/amir/Documents/Deep learning/cl-agn classifier/models/backbone_sweep/alpha_0p45_gamma_1p0_seed_42/best_spectranet.pth"
}