{
    "run_name": "alpha_0p50_gamma_1p0_seed_42",
    "seed": 42,
    "focal_alpha": 0.5,
    "focal_gamma": 1.0,
    "best_epoch": 13,
    "best_val_f1_during_training": 0.9838718820676988,
    "val_metrics": {
        "macro_f1": 0.9862641844562838,
        "balanced_accuracy": 0.9841128214761101,
        "type1_recall": 0.9727403156384505,
        "type2_recall": 0.9954853273137697,
        "confusion_matrix": [
            [
                678,
                19
            ],
            [
                10,
                2205
            ]
        ]
    },
    "test_metrics": {
        "macro_f1": 0.9499136295130857,
        "balanced_accuracy": 0.9281410285433389,
        "type1_recall": 0.8567335243553008,
        "type2_recall": 0.999548532731377,
        "confusion_matrix": [
            [
                598,
                100
            ],
            [
                1,
                2214
            ]
        ]
    },
    "model_path": "/Users/amir/Documents/Deep learning/cl-agn classifier/models/backbone_sweep/alpha_0p50_gamma_1p0_seed_42/best_spectranet.pth"
}