{
    "run_name": "alpha_0p40_gamma_1p0_seed_42",
    "seed": 42,
    "focal_alpha": 0.4,
    "focal_gamma": 1.0,
    "best_epoch": 10,
    "best_val_f1_during_training": 0.9930170744760982,
    "val_metrics": {
        "macro_f1": 0.9930170744760982,
        "balanced_accuracy": 0.9927497604987345,
        "type1_recall": 0.9882179675994109,
        "type2_recall": 0.9972815533980582,
        "confusion_matrix": [
            [
                671,
                8
            ],
            [
                7,
                2568
            ]
        ]
    },
    "test_metrics": {
        "macro_f1": 0.9944407523264615,
        "balanced_accuracy": 0.9965854983771109,
        "type1_recall": 0.9970544918998527,
        "type2_recall": 0.996116504854369,
        "confusion_matrix": [
            [
                677,
                2
            ],
            [
                10,
                2565
            ]
        ]
    },
    "model_path": "/Users/amir/Documents/Deep learning/cl-agn classifier/models/backbone_sweep/alpha_0p40_gamma_1p0_seed_42/best_spectranet.pth"
}