{
    "run_name": "alpha_0p40_gamma_1p0_seed_42",
    "seed": 42,
    "focal_alpha": 0.4,
    "focal_gamma": 1.0,
    "best_epoch": 9,
    "best_val_f1_during_training": 0.9829061166986264,
    "val_metrics": {
        "macro_f1": 0.9843384291784765,
        "balanced_accuracy": 0.9812433810169996,
        "type1_recall": 0.9670014347202296,
        "type2_recall": 0.9954853273137697,
        "confusion_matrix": [
            [
                674,
                23
            ],
            [
                10,
                2205
            ]
        ]
    },
    "test_metrics": {
        "macro_f1": 0.9603937511047057,
        "balanced_accuracy": 0.9439394723395448,
        "type1_recall": 0.8896848137535817,
        "type2_recall": 0.9981941309255079,
        "confusion_matrix": [
            [
                621,
                77
            ],
            [
                4,
                2211
            ]
        ]
    },
    "model_path": "/Users/amir/Documents/Deep learning/cl-agn classifier/models/backbone_sweep/alpha_0p40_gamma_1p0_seed_42/best_spectranet.pth"
}