{
    "run_name": "alpha_0p84_gamma_2p0_seed_42",
    "seed": 42,
    "focal_alpha": 0.84,
    "focal_gamma": 2.0,
    "best_epoch": 12,
    "best_val_f1_during_training": 0.9924984323706245,
    "val_metrics": {
        "macro_f1": 0.9924984323706245,
        "balanced_accuracy": 0.9887601698671662,
        "type1_recall": 0.9779086892488954,
        "type2_recall": 0.9996116504854369,
        "confusion_matrix": [
            [
                664,
                15
            ],
            [
                1,
                2574
            ]
        ]
    },
    "test_metrics": {
        "macro_f1": 0.9943861707266579,
        "balanced_accuracy": 0.9917056779673135,
        "type1_recall": 0.9837997054491899,
        "type2_recall": 0.9996116504854369,
        "confusion_matrix": [
            [
                668,
                11
            ],
            [
                1,
                2574
            ]
        ]
    },
    "model_path": "/Users/amir/Documents/Deep learning/cl-agn classifier/models/backbone_sweep/alpha_0p84_gamma_2p0_seed_42/best_spectranet.pth"
}