{
    "run_name": "alpha_0p30_gamma_1p0_seed_42",
    "seed": 42,
    "focal_alpha": 0.3,
    "focal_gamma": 1.0,
    "best_epoch": 20,
    "best_val_f1_during_training": 0.9905317255474984,
    "val_metrics": {
        "macro_f1": 0.9886380706569982,
        "balanced_accuracy": 0.986716369089066,
        "type1_recall": 0.9770444763271162,
        "type2_recall": 0.9963882618510158,
        "confusion_matrix": [
            [
                681,
                16
            ],
            [
                8,
                2207
            ]
        ]
    },
    "test_metrics": {
        "macro_f1": 0.9962243167996516,
        "balanced_accuracy": 0.995250538462036,
        "type1_recall": 0.9914040114613181,
        "type2_recall": 0.9990970654627539,
        "confusion_matrix": [
            [
                692,
                6
            ],
            [
                2,
                2213
            ]
        ]
    },
    "model_path": "/Users/amir/Documents/Deep learning/cl-agn classifier/models/backbone_sweep/alpha_0p30_gamma_1p0_seed_42/best_spectranet.pth"
}