{
    "run_name": "alpha_0p30_gamma_1p0_seed_42",
    "seed": 42,
    "focal_alpha": 0.3,
    "focal_gamma": 1.0,
    "best_epoch": 19,
    "best_val_f1_during_training": 0.9821163407540434,
    "val_metrics": {
        "macro_f1": 0.9835523316490289,
        "balanced_accuracy": 0.9852165520725715,
        "type1_recall": 0.9799139167862266,
        "type2_recall": 0.9905191873589165,
        "confusion_matrix": [
            [
                683,
                14
            ],
            [
                21,
                2194
            ]
        ]
    },
    "test_metrics": {
        "macro_f1": 0.9578814106443934,
        "balanced_accuracy": 0.9408484091923393,
        "type1_recall": 0.8839541547277937,
        "type2_recall": 0.9977426636568849,
        "confusion_matrix": [
            [
                617,
                81
            ],
            [
                5,
                2210
            ]
        ]
    },
    "model_path": "/Users/amir/Documents/Deep learning/cl-agn classifier/models/backbone_sweep/alpha_0p30_gamma_1p0_seed_42/best_spectranet.pth"
}