{
    "run_name": "alpha_0p30_gamma_1p0_seed_42",
    "seed": 42,
    "focal_alpha": 0.3,
    "focal_gamma": 1.0,
    "best_epoch": 16,
    "best_val_f1_during_training": 0.9934861375237714,
    "val_metrics": {
        "macro_f1": 0.9934861375237714,
        "balanced_accuracy": 0.9934861375237714,
        "type1_recall": 0.9896907216494846,
        "type2_recall": 0.9972815533980582,
        "confusion_matrix": [
            [
                672,
                7
            ],
            [
                7,
                2568
            ]
        ]
    },
    "test_metrics": {
        "macro_f1": 0.9925876697686152,
        "balanced_accuracy": 0.9947243948124741,
        "type1_recall": 0.9941089837997055,
        "type2_recall": 0.9953398058252427,
        "confusion_matrix": [
            [
                675,
                4
            ],
            [
                12,
                2563
            ]
        ]
    },
    "model_path": "/Users/amir/Documents/Deep learning/cl-agn classifier/models/backbone_sweep/alpha_0p30_gamma_1p0_seed_42/best_spectranet.pth"
}