{
    "run_name": "alpha_0p35_gamma_1p0_seed_42",
    "seed": 42,
    "focal_alpha": 0.35,
    "focal_gamma": 1.0,
    "best_epoch": 10,
    "best_val_f1_during_training": 0.992555585741453,
    "val_metrics": {
        "macro_f1": 0.992555585741453,
        "balanced_accuracy": 0.992555585741453,
        "type1_recall": 0.9882179675994109,
        "type2_recall": 0.9968932038834951,
        "confusion_matrix": [
            [
                671,
                8
            ],
            [
                8,
                2567
            ]
        ]
    },
    "test_metrics": {
        "macro_f1": 0.9949067603031242,
        "balanced_accuracy": 0.9973218754021477,
        "type1_recall": 0.9985272459499264,
        "type2_recall": 0.996116504854369,
        "confusion_matrix": [
            [
                678,
                1
            ],
            [
                10,
                2565
            ]
        ]
    },
    "model_path": "/Users/amir/Documents/Deep learning/cl-agn classifier/models/backbone_sweep/alpha_0p35_gamma_1p0_seed_42/best_spectranet.pth"
}